[
  {
    "title": "DJ Night",
    "date": "November 12, 2024",
    "time": "7:00 PM",
    "venue": "Square Hall",
    "image": "image/djnight.jpg",
    "link": "http://127.0.0.1:5500/frontend/Seat_SelectionPage.html"
  },
  {
    "title": "ATRANG 2024",
    "date": "December 20, 2024",
    "time": "8:00 PM",
    "venue": "Jijabai Garden",
    "image": "image/atrang.jpg",
    "link": "http://127.0.0.1:5500/frontend/Seat_SelectionPage.html"
  },
  {
    "title": "SA RE GA MA PA DHA NI SA",
    "date": "November 25, 2024",
    "time": "6:00 PM",
    "venue": "Open Stadium",
    "image": "image/saragamapadhanisa.jpg",
    "link": "http://127.0.0.1:5500/frontend/Seat_SelectionPage.html"
  },
  {
    "title": "INDIA'S DANCER'S",
    "date": "December 1, 2024",
    "time": "11:00 AM",
    "venue": "Central Hall",
    "image": "image/dancers.jpg",
    "link": "http://127.0.0.1:5500/frontend/Seat_SelectionPage.html"
  },
  {
    "title": "Movie Premiere",
    "date": "November 5, 2024",
    "time": "8:00 PM",
    "venue": "AMC Theatres",
    "image": "image/movie.jpg",
    "link": "http://127.0.0.1:5500/frontend/Seat_SelectionPage.html"
  },
  {
    "title": "Photography Workshop",
    "date": "November 10, 2024",
    "time": "10:00 AM",
    "venue": "Local Community Center",
    "image": "image/photography.jpg",
    "link": "http://127.0.0.1:5500/frontend/Seat_SelectionPage.html"
  },
  {
    "title": "Tech Conference 2024",
    "date": "December 15, 2024",
    "time": "9:00 AM",
    "venue": "Convention Center",
    "image": "image/tech.jpg",
    "link": "http://127.0.0.1:5500/frontend/Seat_SelectionPage.html"
  }
]
